{
    "experiments" :
    [
        {
            "type" : "null",
            "name" : "Multiplicative odds",
            "title" : "Shows the false positive rate",
            "xlabel" : "Alpha",
            "ylabel" : "False positive rate",
            "num_chips" : 1000,
            "models" : [
                {
                    "params" : [ 0.5, 0.6224593, 0.7310586,
                                 0.6224593, 0.7310586, 0.8175745,
                                 0.7310586, 0.8175745, 0.8807971 ],
                    "threshold" : 0.05,
                    "xvalue" : 0.05
                },
                {
                    "params" : [ 0.5, 0.6224593, 0.7310586,
                                 0.6224593, 0.7310586, 0.8175745,
                                 0.7310586, 0.8175745, 0.8807971 ],
                    "threshold" : 0.10,
                    "xvalue" : 0.10
                },
                {
                    "params" : [ 0.5, 0.6224593, 0.7310586,
                                 0.6224593, 0.7310586, 0.8175745,
                                 0.7310586, 0.8175745, 0.8807971 ],
                    "threshold" : 0.15,
                    "xvalue" : 0.15
                },
                {
                    "params" : [ 0.5, 0.6224593, 0.7310586,
                                 0.6224593, 0.7310586, 0.8175745,
                                 0.7310586, 0.8175745, 0.8807971 ],
                    "threshold" : 0.20,
                    "xvalue" : 0.20
                }

            ] 
        }
    ] 
}
