{
    "experiments" :
    [
        {
            "type" : "null",
            "name" : "Heterogenity penetrance",
            "title" : "Shows the false positive rate",
            "xlabel" : "Alpha",
            "ylabel" : "False positive rate",
            "num_chips" : 1000,
            "models" : [
                {
                    "params" : [ 0.5, 0.6967347, 0.7255942,
                                 0.6967347, 0.8160603, 0.8335645,
                                 0.7255942, 0.8335645, 0.8494029 ],
                    "threshold" : 0.05,
                    "xvalue" : 0.05
                },
                {
                    "params" : [ 0.5, 0.6967347, 0.7255942,
                                 0.6967347, 0.8160603, 0.8335645,
                                 0.7255942, 0.8335645, 0.8494029 ],
                    "threshold" : 0.10,
                    "xvalue" : 0.10
                },
                {
                    "params" : [ 0.5, 0.6967347, 0.7255942,
                                 0.6967347, 0.8160603, 0.8335645,
                                 0.7255942, 0.8335645, 0.8494029 ],
                    "threshold" : 0.15,
                    "xvalue" : 0.15
                },
                {
                    "params" : [ 0.5, 0.6967347, 0.7255942,
                                 0.6967347, 0.8160603, 0.8335645,
                                 0.7255942, 0.8335645, 0.8494029 ],
                    "threshold" : 0.20,
                    "xvalue" : 0.20
                }

            ] 
        }
    ] 
}
