{
    "experiments" :
    [
        {
            "type" : "null",
            "name" : "Multiplicative penetrance",
            "title" : "Shows the false positive rate",
            "xlabel" : "Alpha",
            "ylabel" : "False positive rate",
            "num_chips" : 1000,
            "models" : [
                {
                    "params" : [ 0.5, 0.5809171, 0.6420127,
                                 0.5809171, 0.6749294, 0.7459123,
                                 0.6420127, 0.7459123, 0.8243606 ],
                    "threshold" : 0.05,
                    "xvalue" : 0.05
                },
                {
                    "params" : [ 0.5, 0.5809171, 0.6420127,
                                 0.5809171, 0.6749294, 0.7459123,
                                 0.6420127, 0.7459123, 0.8243606 ],
                    "threshold" : 0.10,
                    "xvalue" : 0.10
                },
                {
                    "params" : [ 0.5, 0.5809171, 0.6420127,
                                 0.5809171, 0.6749294, 0.7459123,
                                 0.6420127, 0.7459123, 0.8243606 ],
                    "threshold" : 0.15,
                    "xvalue" : 0.15
                },
                {
                    "params" : [ 0.5, 0.5809171, 0.6420127,
                                 0.5809171, 0.6749294, 0.7459123,
                                 0.6420127, 0.7459123, 0.8243606 ],
                    "threshold" : 0.20,
                    "xvalue" : 0.20
                }

            ] 
        }
    ] 
}
